-3.1375457787419236e-12,7.782057649441679e-07,-3.0505112325052153e-15,-3.4617472470606344e-07
-7.068512442032215e-12,1.305731423587675e-06,1.0156233493097133e-12,-4.310058617073915e-07
-6.092237825328084e-12,4.0263548627689554e-07,4.503198161587285e-12,9.580896816715345e-08
-8.694628350625067e-12,-9.973768090743132e-07,6.028568269589307e-12,7.708875912023755e-07
-1.4057227604169498e-11,-1.946377558842647e-06,5.468138095099384e-12,1.1957260850092436e-06
-2.338368387810874e-11,-1.7301494425051278e-06,7.32597316144279e-12,1.2141684081354341e-06
-1.8081800651909008e-05,-6.060486654688342e-06,-9.96957988664139e-06,-2.3422118041164022e-05
-3.8126059543980295e-05,-1.6626849168816698e-05,-1.4104647779583906e-05,-4.53669438151786e-05
-5.32907700732943e-05,-2.3846756417572027e-05,-1.335975439778394e-05,-5.9407356812807635e-05
-6.0095505742874256e-05,-2.675572038280912e-05,-1.0448786002541406e-05,-6.350338651331736e-05
-5.7899537069527884e-05,-2.2874015864622317e-05,-7.791184953246343e-06,-5.670997968972632e-05
-4.978805525607255e-05,-6.737794434225584e-06,-6.610734902839314e-06,-3.9666385416555275e-05
-2.8384331387409922e-05,1.5372354039326977e-05,-1.0675660680367323e-06,-1.3214608421241447e-05
4.966248592680467e-05,-5.339126373063961e-05,-7.806830730663038e-06,1.2720155534405586e-05
7.929177443688484e-05,-3.224187983699375e-05,-1.654706396825821e-05,1.8796675831689834e-05
5.9375468987987734e-05,3.886014266090733e-07,-2.1640999442011644e-05,3.7114556385806335e-05
4.898447323145594e-05,2.4420500040009873e-05,-2.067981890031302e-05,4.895647454850136e-05
4.147714976787675e-05,3.624159121920988e-05,-1.8101304450329064e-05,5.054327234559151e-05
3.312522173354315e-05,3.5121907329083114e-05,-1.623083044729849e-05,4.0973050854539034e-05
2.207736417308981e-05,2.2131448477534944e-05,-1.4922302816425259e-05,2.1873092349716794e-05
-1.836593228948802e-05,-1.3203875579864514e-05,-1.600855020257412e-05,-3.138831814717899e-05
-3.560463803306546e-05,-3.574922092017632e-05,-2.163676775086224e-05,-5.840355496783845e-05
-5.071053727756514e-05,-5.243216490288414e-05,-2.108331657405503e-05,-7.526333742196786e-05
-6.099247764573823e-05,-5.9682419286650676e-05,-1.8779920326736713e-05,-8.024278277599713e-05
-6.75534758254881e-05,-5.3424124512754106e-05,-1.6752835495872226e-05,-7.231481218624315e-05
-7.721313592262691e-05,-2.739065249936874e-05,-1.506509664068751e-05,-5.203325941733608e-05
-6.869861934949428e-05,1.5526783762181973e-05,-2.9888575138631764e-06,-1.84250509601149e-05
9.768375677571273e-05,-4.9598859175777055e-05,-1.1452859824379567e-05,1.1911335493464039e-05
9.748835193817973e-05,-1.5084758929128587e-06,-1.8656348537633358e-05,1.8452957372752437e-05
5.756011129326444e-05,2.2528260922105223e-05,-2.3205388789250894e-05,3.856446987404629e-05
3.737646968918207e-05,4.3868831428346846e-05,-2.2688271782457525e-05,5.1897663782811345e-05
2.6838074526830402e-05,5.4166311930521475e-05,-2.210130390320475e-05,5.348558077499833e-05
1.9977416035737994e-05,5.053467570088847e-05,-2.2015746622515778e-05,4.226247105983691e-05
1.4623722912249226e-05,3.281183020543217e-05,-2.0439708030561832e-05,2.0338477094119915e-05
-1.3085821120445429e-05,-2.1862304882884227e-05,-1.740123321252677e-05,-3.639364578345602e-05
-1.8742300165991432e-05,-5.407915894676228e-05,-2.2383964524055194e-05,-6.768010589622525e-05
-2.6356137336203123e-05,-7.913449109052005e-05,-2.2487722728482817e-05,-8.703785123224126e-05
-3.6395122891941245e-05,-9.201815082564445e-05,-2.2623169815079794e-05,-9.279582948277056e-05
-5.201677235389113e-05,-8.906429171657014e-05,-2.2844622356929176e-05,-8.386486393720423e-05
-8.15898275284277e-05,-6.690754426820164e-05,-2.115685755063254e-05,-6.086733220941984e-05
-9.754912406428895e-05,-1.6835995923382592e-05,-4.535529014959696e-06,-2.2041498845412665e-05
0.00011140352517757801,-4.341589348135985e-06,-1.1152624627042314e-05,1.3125648932896358e-05
6.650232835403447e-05,3.597886188617776e-05,-1.3912235855676608e-05,2.242481427227553e-05
2.3386567620131693e-05,4.6523567070224465e-05,-1.5639868019728595e-05,4.604864787397271e-05
2.828228641560404e-06,6.2016410501151e-05,-1.6026486407472174e-05,6.138664284693028e-05
-4.739664555941658e-06,6.887759206496103e-05,-1.8927750224353307e-05,6.301810917924396e-05
-5.640841627824189e-06,6.171287177232632e-05,-2.1942455440241565e-05,4.992286687140234e-05
-1.2950684964985193e-06,4.0423233127757485e-05,-2.08618914348032e-05,2.464560735830493e-05
-3.3960494763563e-07,-2.771114319777713e-05,-1.3139936899044143e-05,-3.64285130097005e-05
1.0923385382610729e-05,-6.056091770895535e-05,-1.5462289541983212e-05,-7.049695419682027e-05
1.632282769653548e-05,-8.608857761388772e-05,-1.560190341979087e-05,-9.175206297821429e-05
1.219849821063046e-05,-0.0001006298831348314,-1.7829610411393762e-05,-9.79398327108096e-05
-5.327419210887641e-06,-0.00010274078378725616,-2.0379481431432103e-05,-8.794907487169471e-05
-4.2140485113861814e-05,-9.289591294291133e-05,-1.96923848240025e-05,-6.281201023284472e-05
-7.771672503781302e-05,-5.504358917979117e-05,-4.339627026320514e-06,-2.2241369233086047e-05
6.843202356354716e-05,3.761439280198283e-05,-7.0911128658406736e-06,1.8004853873169503e-05
4.159796235414515e-06,3.994345839799206e-05,-5.230824745424897e-06,3.142602737942878e-05
-3.3620961838232155e-05,4.566566549777003e-05,-3.1739637134254456e-06,6.0399992168478495e-05
-5.122017904246601e-05,5.874119912695013e-05,-3.363931669241038e-06,7.828890773321513e-05
-5.287247019711283e-05,6.48239555731036e-05,-8.192526138281128e-06,8.0118880510828e-05
-4.328987066029577e-05,5.749008594704646e-05,-1.3612680928471246e-05,6.510216728278489e-05
-2.469074669489424e-05,3.759751325279953e-05,-1.4289502743857624e-05,3.6050985076741676e-05
1.6474673173366705e-05,-2.5793507856398078e-05,-6.76069068093906e-06,-3.3026457686631885e-05
4.204621167666622e-05,-4.9699597957646776e-05,-6.461193456924232e-06,-6.885627716788495e-05
5.8527341746744677e-05,-6.63400000927765e-05,-5.0494844399439145e-06,-9.158472938119479e-05
6.173608696105615e-05,-7.416736203494747e-05,-6.041645264494647e-06,-9.777246296001612e-05
4.8915012552941395e-05,-7.408987220893209e-05,-8.413910807351065e-06,-8.636438885620094e-05
1.8439033785677683e-05,-6.899589916218663e-05,-9.337590040819476e-06,-5.917216695580218e-05
-1.9733119890785744e-05,-4.9387971144287945e-05,-1.8073127051241558e-06,-1.9460544558990572e-05
7.954072581861649e-06,4.214780873169552e-05,-2.6892415655125484e-06,2.5607624336789273e-05
-3.9879115978580515e-05,1.5147489560533682e-05,5.296197779936646e-07,4.191815320972025e-05
-7.843700310738999e-05,1.762077734590345e-05,4.670590078559821e-06,7.667264746416547e-05
-9.832458961145374e-05,2.5337618120028094e-05,6.833764629707133e-06,9.72419981524874e-05
-9.777717393052998e-05,3.0713467381062484e-05,4.649605476561049e-06,9.941890264762894e-05
-7.908414401072705e-05,2.8809669439587723e-05,1.0930514220651444e-07,8.267565746818313e-05
-4.6709417050455615e-05,1.926148358211404e-05,-2.9233407251236243e-06,4.9943784034580524e-05
3.077392695988168e-05,-1.534033953557194e-05,-3.2735856501299888e-06,-3.335399608063623e-05
6.522333214584175e-05,-2.6547320353169585e-05,-2.1647689178751466e-06,-7.172640315868985e-05
8.77334454071621e-05,-3.134316929676885e-05,2.051256284468783e-06,-9.625119704308703e-05
9.458864574304893e-05,-2.8209826414558924e-05,5.7670448635276615e-06,-0.00010243298304823262
8.430327663105919e-05,-1.9087887243538285e-05,6.5762182541531395e-06,-8.926574807852083e-05
5.786099060794969e-05,-8.24083095006577e-06,4.270979144402071e-06,-5.920825573363722e-05
2.072852904799749e-05,2.5399811366972475e-06,1.7482394461419345e-06,-1.809425159080176e-05
-2.3759372486387154e-05,3.0025522610290477e-05,-1.6426674846101684e-06,3.0696588342690734e-05
-4.91398390619624e-05,2.1532887690988746e-07,-7.25352693447829e-07,4.675187655869481e-05
-8.950115877887077e-05,-1.3236678187216204e-05,2.414756847715421e-06,8.55120832554887e-05
-0.0001122334246212997,-2.135970949883426e-05,7.778046692828158e-06,0.00010825341057936304
-0.00011325476352541664,-2.1791842026293073e-05,1.148754663820987e-05,0.00011065877991090801
-9.30410994684494e-05,-1.6446752564706283e-05,1.0836658935382349e-05,9.232642707327973e-05
-5.594133500569365e-05,-9.263337171809376e-06,6.283032506303795e-06,5.649329783842527e-05
3.760662867935416e-05,2.9029045248321443e-06,2.081797467888731e-07,-3.996660922876358e-05
7.743223271131083e-05,8.051799719393214e-06,3.087423114143256e-06,-8.241915213230526e-05
0.00010305745143399103,1.445048251383043e-05,7.229838673147512e-06,-0.00010941750010143476
0.00010993586725638327,2.0703935743256625e-05,9.670644280150315e-06,-0.00011612102927921995
9.701884927221238e-05,2.3902601651464776e-05,8.68578054380063e-06,-0.00010145330021051838
6.620295470821658e-05,2.1275473612627268e-05,4.970691273880126e-06,-6.795950683995133e-05
2.0624320377304883e-05,1.2038806930948082e-05,1.1650253137077474e-06,-2.098070335655646e-05
-3.265741176777803e-05,3.6941023359542136e-07,-1.7813599217345218e-07,3.1108331323259804e-05
-4.8042138041048954e-05,-2.039097588566168e-05,-1.4026921852303142e-06,5.034405809946525e-05
-8.253511373373934e-05,-4.9060111382028676e-05,2.040398384452191e-07,9.197305317145462e-05
-0.00010236363972096485,-6.632411836557535e-05,3.596418212290127e-06,0.00011646063939184208
-0.00010352385661158148,-6.817538481755842e-05,6.034752138935583e-06,0.00011882328293170291
-8.57739795792345e-05,-5.5648372540332506e-05,5.2168929921348264e-06,9.862242813650675e-05
-5.176342962184832e-05,-3.343866231856046e-05,1.5354766501390546e-06,5.947951497855056e-05
3.413762746232174e-05,2.1392274158214646e-05,1.2699147030406643e-06,-3.7743999577753706e-05
7.001751133420275e-05,4.468495551485834e-05,5.910886755191441e-06,-8.348584610609437e-05
9.07986760791124e-05,6.032779299408792e-05,8.314457806508566e-06,-0.0001126116695372055
9.497307211653316e-05,6.25606184105473e-05,5.793026011167643e-06,-0.0001197684263353864
8.459260156157278e-05,4.730775257596521e-05,-2.928847159210102e-07,-0.00010400779206455601
6.411365075337239e-05,1.4093670426896035e-05,-5.372244754835338e-06,-6.85631662194694e-05
3.6081562693912606e-05,-2.3922211300989732e-05,-2.560247699554853e-06,-2.092503834666675e-05
-3.488652398930814e-05,-2.3435981060066988e-05,5.301995031146273e-07,3.763683233632374e-05
-5.5895484436352394e-05,-4.853369449274968e-05,-3.6507601685240552e-06,6.356431700132222e-05
-7.572456743598632e-05,-9.229367266986145e-05,-4.425686677747391e-06,0.00010912009923034777
-8.694595974109709e-05,-0.00011351870742068795,-5.163822964216608e-06,0.00013531643041226997
-8.434231032605766e-05,-0.00011236255146409864,-6.219193873913467e-06,0.00013754281749992544
-6.7881774097861e-05,-9.036740749124002e-05,-7.928995456197435e-06,0.00011525341795276187
-4.013174399644659e-05,-5.243493371820873e-05,-9.269467868784631e-06,7.189380482939146e-05
2.6720055082612992e-05,3.194702430760199e-05,-7.859316823968787e-06,-4.541766811707194e-05
5.5060007745799666e-05,7.272714425037908e-05,-6.292069577862325e-06,-9.639721936670603e-05
7.118793758145725e-05,0.00010066525161971963,-7.99919148095421e-07,-0.00012853188937596988
7.430159171536999e-05,0.00010996856222742423,1.975068627937948e-06,-0.00013698479004996787
7.019049856316073e-05,9.522235039431497e-05,-1.1476971982747608e-06,-0.00012066448071993557
6.79094786039669e-05,5.291811755276212e-05,-6.82587270401519e-06,-8.26739810601872e-05
5.302382059402255e-05,-4.645940407707605e-06,-2.30081656900534e-06,-2.7793902315409805e-05
-7.12651677792775e-05,4.80312053998018e-06,-6.5657278597590525e-06,3.640685775601303e-05
-7.334631184774398e-05,-4.354311548509767e-05,-1.245659346808467e-05,5.757383270691796e-05
-5.795816828513267e-05,-9.199417099458901e-05,-1.7340194508578752e-05,0.00010255352662039987
-4.6385036519297485e-05,-0.0001232328795048513,-1.6752823946369552e-05,0.0001293137853774105
-3.5907913189414664e-05,-0.00012990752463794004,-1.3430923665472272e-05,0.00013154903282724907
-2.696298722962287e-05,-0.00010998114380569076,-1.169663173369341e-05,0.00010819988379380963
-1.7659676332659746e-05,-6.65731036189345e-05,-1.2027666868366475e-05,6.289542122863995e-05
1.4969949883425482e-05,4.0967549047412396e-05,-1.2659939852726829e-05,-5.161501773254425e-05
2.4801854451611538e-05,9.687670468748336e-05,-1.2547078731821315e-05,-0.00010816583094900114
2.877780109930561e-05,0.00013594572856377469,-5.544419521981078e-06,-0.00014381977523391406
2.7958045468151616e-05,0.00015075990017466168,-7.868180547689063e-07,-0.0001536700241502615
3.302725365822434e-05,0.00013640383431126613,-4.032624983078478e-06,-0.00013635352953102133
5.829229045767326e-05,9.159018414843837e-05,-1.1139701132981822e-05,-9.513994466980305e-05
7.500535658577778e-05,2.012765729976409e-05,-3.234376700690135e-06,-3.3602316874512504e-05
-9.30277414391556e-05,-1.7605597515311065e-05,-9.036787815970039e-06,3.6092821829464446e-05
0.0006750067418331007,0.014177738934567863,-0.002611755555164066,-0.0016627295629145777
0.010027703368167912,0.03345182639293176,-0.007059952084012529,-0.0048725017197805975
-0.004513513886970771,0.04331507344766017,-0.0024266854815769446,-0.003907628802556351
-0.020523444986898287,0.03991708102153657,0.006435941062966315,3.468476110946028e-05
-0.026885899774970634,0.027076083634494097,0.0099493543619051,0.002866558764714977
-0.024881312873048178,0.011169830868697161,0.005426795630133409,0.00176461829011898
-0.018791522035885355,0.00610917897749963,0.0024759691856634227,-0.001063615283861452
-0.01899263003761864,0.021445621425338457,0.009040083683708983,0.00040304201161056596
-0.022191398297334658,0.036831196193484406,0.0075953742939109566,-0.00021865661005127102
-0.03471741573612916,0.043740364659878406,-0.004942378781905345,-0.002683944226916868
-0.05858155271358534,0.037513385949556444,-0.01732648644755897,-0.0038565487243042984
-0.07711705836538735,0.02000228567628648,-0.015660844008096975,-0.0017566717584296399
-0.062120306437293715,0.005956277978778957,-0.0033920083000599263,0.000522560075667089
-0.0163222413990462,0.008238471020042049,-0.00018712869028423163,-0.00027871922720379416
0.004494543586723826,-0.007382409179061966,-0.002390331406831314,0.0045402080223784225
0.010563089284813365,0.014229114833312018,-0.00041266270994169685,0.00043797419700197793
-0.011814514983860547,0.038838248032954326,0.015326540777108488,-0.0020064596201139206
-0.028221953434647257,0.043381272292466466,0.02701365917793852,-0.0022558273761306147
-0.030218482889748793,0.030027069119824112,0.022024422787010667,-0.002549479901101437
-0.026223439884760252,0.011921039537134526,0.007938553442268861,-0.0032146741469405438
-0.019216836783658098,0.004678666115057739,0.0011357167599031631,0.0018303104110091173
-0.018335117298132364,0.0173228134418435,2.106535380382024e-05,0.004412510620098509
-0.023428923581348515,0.03431935863493574,-0.010271868673451118,0.0019593911985309465
-0.03985092866026274,0.051842816148849113,-0.024963891408551125,-0.002686684547522189
-0.06720189866298684,0.06151208865478486,-0.03172809051439768,-0.004761148173229035
-0.08703845687963971,0.049633979668838535,-0.021428383496998105,-0.0011162184843955814
-0.06886107215846832,0.01630838711006355,-0.003966252216861622,0.005087499501244874
-0.01686170542246268,-0.005235281404463166,1.870465004021049e-05,0.005241269802215509
0.000971426520851415,-0.019439165168122052,-0.0022558397791127838,0.006217739520434917
0.0009958487602177435,0.018746703939584997,0.009542876947470635,-0.0006887713622059088
-0.02467932785994731,0.05462449420782223,0.03632219812068349,-0.004924476211585649
-0.03681827367321916,0.0524941506675094,0.044713620709968815,-0.006968558578021589
-0.03355106891923115,0.02972206004870115,0.027556465371414263,-0.008134975433915503
-0.027886310349403393,0.009921443002467445,0.007100872391530483,-0.006707622362000398
-0.021999388201209835,0.0033550292794846115,-0.0002969874130002853,0.00267059202833253
-0.020397362112012818,0.012819213706376953,-0.0055575150787159355,0.0035455200727181335
-0.02058645180021551,0.029545470731547452,-0.017464712385923287,-0.0006301897503147025
-0.02930883328009451,0.05467841274743801,-0.03222766424158069,-0.005186252404557834
-0.05494822493794013,0.08059730708982649,-0.03957180825392703,-0.004969741421871898
-0.08420272174594529,0.07827905093697662,-0.02633785713316958,0.002406299068300477
-0.07374238436970118,0.02746337042521585,-0.004164240937599137,0.010737322787714332
-0.019157243950695846,-0.015622958461179337,-0.0004909833985008161,0.00818306498450827
-0.008186045843706302,-0.020924249990263988,-0.0015824457765243882,0.0052473929241017014
-0.007205188998242962,0.034015686598296124,0.019660877114236197,-0.0010513304429743409
-0.03245993640501149,0.07093501388986123,0.05213930008095402,-0.0026964376318987515
-0.045060715584450683,0.055707414268975075,0.053326562099955566,-0.00410711249138504
-0.040336523882734954,0.02521978156492688,0.026508811012406153,-0.006176763628596538
-0.031717788941078934,0.0072276059824942784,0.004510270360702839,-0.0054358722311462215
-0.025845944783845803,0.0029679015172054957,-0.0010760290302381237,0.0013468630702124784
-0.025208105955206533,0.008332225058979459,-0.0063564621336292815,0.0014521071192152846
-0.021910042803235247,0.01895729421442427,-0.015516565456513198,-0.0011185449661937907
-0.021997244902858065,0.04430146661402867,-0.03059092695017096,-0.002821909460560157
-0.03986939148258817,0.08532167359253551,-0.04203278460674309,0.0005719005684415857
-0.07191795670571371,0.09872274900541544,-0.028725301910937473,0.009706189081091665
-0.07356643074664052,0.03726558946002534,-0.003742497414991164,0.01569026725146966
-0.02600617468708094,-0.021322040295195244,-0.0012037655413598969,0.008498854713066217
-0.02353634496085677,-0.01844891278700267,-0.0017339510418145632,0.005002654717602084
-0.013562328027330539,0.03992046983311193,0.022516838782635162,0.0028730020189687844
-0.03441664463829286,0.07540850634576435,0.05489148753690576,0.005804777911945447
-0.05147823183528391,0.05689320213030857,0.05279282921473122,0.006055938121875659
-0.048637790972419215,0.02500310679292861,0.024068447351664468,0.0027924156667435973
-0.03663280701337765,0.0073992825991107125,0.0030256777036539173,-0.0001116032484665963
-0.029343998927660486,0.003313565718443323,-0.0012076061798113324,-0.0008225314055170241
-0.03226762333333902,0.007737482791785766,-0.005589932837351597,0.0007341893427964818
-0.033553799790133065,0.015763108392485847,-0.012467694113193317,0.0032901756681429917
-0.03228491052054974,0.03955820801777454,-0.026643849626266536,0.006697191463968896
-0.03663916866475972,0.0842915018352306,-0.038803656673134956,0.012205985411147549
-0.055298472216448236,0.10321363064760547,-0.026041980026916822,0.018259919699855687
-0.06689876112131232,0.04050520086263898,-0.00264465298285671,0.0176422902141046
-0.040694211429316784,-0.022571349561168574,-0.002205917195650997,0.008242576785618239
-0.048297887008935725,-0.015747090068717995,-0.004430000063913808,0.0058894450470141635
-0.02789810957986244,0.031106444276619793,0.013880668294945497,0.007341511859049854
-0.03363538911483732,0.06698410760675699,0.042693509255398,0.012382936171496217
-0.048205629379388465,0.05844435959228145,0.045412871381021735,0.013608760914887386
-0.049386847063145944,0.031167349143422562,0.02345009570707607,0.01034999571245443
-0.0392882152767923,0.010931057080583617,0.003940786469985663,0.005110616429502501
-0.03260202803169046,0.004193233190293411,-0.0008876915046291955,-0.002503663443748083
-0.03761576134176767,0.012502413190895734,-0.005150731831019439,-0.00020557987203906336
-0.043147141188042276,0.02663519062827957,-0.011582495182836716,0.006889674437091098
-0.04348665031579277,0.05096253606800971,-0.022023469266199136,0.015152141611108005
-0.03793023470469406,0.0837985814325779,-0.02940680674632662,0.02162542900038078
-0.041067091123178356,0.0901744151064845,-0.018243339137291703,0.02256657558947872
-0.058661235721441496,0.0351532301097377,-0.0011594802560007667,0.015706282641577585
-0.0639543256063746,-0.018685015561721308,-0.003948493145594034,0.008184083680686793
-0.07983613043623022,-0.007295393142713991,-0.009295805499644233,0.0053874748724533905
-0.05762989401651014,0.021554322746085486,-0.003413954814491277,0.007754174740303377
-0.041346284751911655,0.05105390320407688,0.018494652528743355,0.011196484626382786
-0.04067082045479686,0.052789412284539594,0.030011110621051856,0.011581786989163012
-0.042074589051738054,0.03443149772212628,0.021017385108601683,0.009543441646458373
-0.03825314915207623,0.014356109539581663,0.00549382483301919,0.006216078767106614
-0.03664556079311798,0.005873008993160678,6.305618231057519e-05,-0.002906960654849744
-0.040043942826106654,0.017895344844703676,-0.0025005542143806403,-0.0031166756987530686
-0.04150177067572408,0.03641542760574934,-0.008078736156697963,0.003699127644775091
-0.038309175974844734,0.057863962562267446,-0.014447403508179607,0.013137052318818565
-0.030307779698912518,0.07387443106046909,-0.016890888516307045,0.019665981610279992
-0.030655959796887955,0.06563837204121992,-0.00904398059379366,0.01844813292800196
-0.05540263050637398,0.025336163883382667,0.0003235965322547288,0.010656078895186383
-0.09044711188392623,-0.007968813077836145,-0.006387617290515596,0.006484350718489518
-0.10836388750136883,0.01149234032292501,-0.014420415366031641,0.0016955918365162415
-0.09465078240989563,0.029197936427740157,-0.022405711489517543,0.003912339961935629
-0.06364600762482545,0.04336399149039227,-0.01089096105419083,0.004583703494371427
-0.043420914952395695,0.042952327922303635,0.006513317618437139,0.0030050255177849206
-0.037013865723383055,0.030378057706153205,0.01216017649716316,0.0018887092240986725
-0.036173836405280935,0.014480415898138865,0.005073034887920207,0.0027153246020632515
-0.041690146877392656,0.008333431990886542,0.0016175982520990027,-0.0011131548452647522
-0.04411307473706019,0.020844291908858725,0.004976677356467653,-0.0046325905728719086
-0.04042269189058917,0.03566179182448703,0.003363433614819125,-0.0022131396305529183
-0.029838654292498934,0.046948190725521144,-0.0024171020187044243,0.0037226445392677388
-0.018217472076828056,0.04840885289744623,-0.00625587397726407,0.008136825152227134
-0.02226118018170936,0.034956238652862126,-0.00283616192224425,0.007168670815017597
-0.058673680089160185,0.0151524870589137,0.0015279264189398123,0.0029418843697237573
-0.11037791656712295,0.009641472082904112,-0.00856807467488347,0.0016175387265522367
-0.12440879606444616,0.03831610104723282,-0.018073060599784196,-0.004509193516914811
-0.11557189947585617,0.05667975202505815,-0.03572759960679325,-0.0006117882927849649
-0.08204237148474441,0.054519199895659565,-0.0340980701467917,-0.000645907455030903
-0.05354368278525934,0.040758518072088634,-0.017289343225430992,-0.003512058421844433
-0.03986626199247051,0.024923514681020054,-0.0018369386267687166,-0.005096304396338569
-0.03727619034715712,0.011861228635868137,0.001727587061301536,-0.0022274485683713152
-0.04667790984012221,0.010522285207762216,0.0028751747782051473,0.002234577782322944
-0.051744535914239886,0.023384219900159042,0.014541675073762542,-0.001467044380471405
-0.05064578926928126,0.03581047665326853,0.021811461358543366,-0.0030264456945223728
-0.038109908075647736,0.037987096843481005,0.015938780564980992,-0.002146156802472987
-0.01898436761219391,0.024596799248409962,0.0035160933646513903,-0.002019725042658571
-0.019178249403830228,0.0049802599542077,-0.0006326150543304737,-0.004630940297850827
-0.06436389917771893,0.00577284207552875,0.002025394760499198,-0.0067164048189696235
-0.1217426113532753,0.029144909905534977,-0.009971746236825715,-0.006217761398993549
-0.1294330549902346,0.06680278198099732,-0.02031964537404443,-0.012864705780827101
-0.11214238038730162,0.08524784919071715,-0.04203664079596936,-0.005185697460133198
-0.07904452727273317,0.06755884593443717,-0.04326975568687186,-0.0026800603482450835
-0.05655542083455514,0.04186417478786053,-0.02910656071933032,-0.004627316221481381
-0.04595582763892586,0.021824398484357355,-0.01224785190554395,-0.006780670425393431
-0.04266367690795944,0.009724450226756609,-0.0022240223489814193,-0.00484042850048505
-0.05088313748148032,0.011171438322687077,0.0029027608443193825,0.004755675073451426
-0.059972104094589807,0.025115663254347442,0.020364745283076746,0.003601244925439673
-0.06574589958893229,0.042827325615952816,0.039473618222180484,0.000543627365417354
-0.05748850524251703,0.0483122123067008,0.038372885594671724,-0.0019193744841289329
-0.033828479657194266,0.024124885610065316,0.01617967973824963,-0.005286164554076156
-0.02575683037891563,-0.013048175830246755,0.00015027471166717543,-0.011275508692949465
-0.07021574193243713,-0.0036021683679097194,0.0015453362608707638,-0.01576949337188016
-0.1282145193680631,0.049221495100124635,-0.010521711926151506,-0.0158397329160489
-0.12536889572072135,0.09323877171914674,-0.020853552955618138,-0.02281308248072167
-0.09884082655491577,0.10365081705952539,-0.04363686516379556,-0.01277411754546165
-0.0695888763193652,0.06690255655866739,-0.04123118715674717,-0.006523247650798036
-0.05746908199494491,0.0357014732774843,-0.027040438625228813,-0.00527513603137808
-0.053490172823511595,0.019160329571067614,-0.014086893786895205,-0.005670830049308351
-0.05035130217010128,0.009907701503191202,-0.0042253262104188505,-0.0042744833696083395
-0.054823324072218266,0.010863291968362887,0.0017527825066520342,0.004497042902309456
-0.06817837833749144,0.024984079865406628,0.0201265762984999,0.004191632492432151
-0.07989743191861107,0.05007844427796693,0.049224784104218655,0.00014919005255942253
-0.0744625959213625,0.06760352566804118,0.057146613616534614,-0.0035594794591932155
-0.04965894492450651,0.041709645546452734,0.029516047811180557,-0.006945261917220391
-0.03964914573513878,-0.016243815053123,0.0009795254334894477,-0.013588295028595876
-0.07921205969100559,-0.011920558243948776,0.0002542814575310637,-0.02176489093079892
-0.1286080542453622,0.0690934547820059,-0.00994441962503645,-0.025362836551310886
-0.11100762366450151,0.10921011322673113,-0.018346787896819816,-0.03158599439187893
-0.08905989441819984,0.11415554322040355,-0.04037771536446949,-0.024620024485777617
-0.07510001039255565,0.06520802712665086,-0.034372063441980794,-0.01655514406184852
-0.06993751596850759,0.03241100280066389,-0.019470344911866833,-0.010491617291260608
-0.06437279254137174,0.02025225441256584,-0.010946422147708745,-0.0055822135998161646
-0.0577525358222174,0.012490931122763005,-0.004194105131413828,-0.001734039061099063
-0.05897432548097317,0.011452719114541043,0.0005908437713220416,0.0013714679636463445
-0.07590623895380944,0.027111322046743602,0.017404202147688397,-0.00230145988304023
-0.0903206471443462,0.05789572324855419,0.05087481351438894,-0.008142178978457149
-0.08298936015532277,0.08293032788059884,0.06460057784671724,-0.01160668812461435
-0.060116483965024725,0.05628551182444319,0.03510608519707609,-0.012055356061327571
-0.059956519650157636,-0.014179551199051232,-0.0004104959461848079,-0.015212383662231821
-0.09629808485154923,-0.015562572184552259,-0.0015279186290909075,-0.024369327704720972
-0.11933632988378401,0.08141228376428611,-0.007798481233433963,-0.03162443534810301
-0.09157201259705017,0.1053338208090393,-0.012329810317607992,-0.03469934302744404
-0.08160607258098573,0.11800974734754144,-0.03054210151876613,-0.034746585241716144
-0.08587637036049744,0.07815167453156224,-0.025319422823805338,-0.02724974701589411
-0.08344929956697611,0.04625494580901135,-0.013451929962297438,-0.01623031478870074
-0.07253544793888808,0.029273323295219367,-0.007904472754789282,-0.004997487214119745
-0.06287234207988987,0.01646522816966356,-0.0030851806225133116,0.001998643658723709
-0.0626932047708543,0.013939705741489838,0.0005872450789299599,-0.0027987481854814256
-0.07837407623991247,0.03436586832568711,0.017004325948706267,-0.011048490959803203
-0.0891420248712338,0.0678829244082082,0.04803029826377192,-0.017791768432279365
-0.08070512591668366,0.087947865076345,0.05739435696224904,-0.019938021376708748
-0.07171770816984974,0.05475628609430627,0.025702184568901443,-0.01752002252520668
-0.09282278463626659,-0.013769555248509313,-0.007423750026942344,-0.016562147940175187
-0.12224022605595602,-0.010534918458246167,-0.003692937735999005,-0.024040671783645884
-0.10513353022173799,0.07877183472478855,-0.004247420439827093,-0.031876954141216274
-0.07727355061610347,0.08357511110188964,-0.004589688442682843,-0.02925448654570517
-0.06880096538148472,0.10759270635737961,-0.016281090845351398,-0.03380227820977355
-0.07780961435243672,0.08971480185014169,-0.014633428218995992,-0.027233774571716607
-0.07803600532980903,0.06274550804922052,-0.008526531283948202,-0.013883350622454937
-0.07122135575954622,0.038863141591814365,-0.0045081323984658694,-0.00044475413809785813
-0.06594464060640826,0.020084466714293647,-0.0007556522516053155,0.005911653435647146
-0.0647161161966045,0.017432342062290385,0.001892767008859375,-0.005518026737882931
-0.07273943770131708,0.04133850923779203,0.01937355379522912,-0.014138682533635372
-0.07651480202297048,0.07070914933986128,0.04109278617247053,-0.018769491948377848
-0.07726266948120902,0.07801556960103406,0.03570341857260184,-0.019299146746978968
-0.09825632826724645,0.04234588187426658,0.0010909885766618443,-0.01638115618625524
-0.14133767072746084,-0.00787290835090193,-0.020291631226251078,-0.014060290852743407
-0.1514671271052201,0.0041531342930225534,-0.00615530686859532,-0.01979250097458518
-0.09615303372258105,0.06418661444454266,-0.00021001789100796864,-0.025577045024668843
-0.07082619067459733,0.05406196114912376,0.0016679510868781722,-0.015660100485433537
-0.0507828778965429,0.07631425233587574,-0.004084570494222825,-0.019182028400003714
-0.055115619512359826,0.07497968349775874,-0.00362277511777738,-0.013500628605356502
-0.06232547577053685,0.05971092061785299,0.00047602340418716194,-0.002545722297228714
-0.06748793972130115,0.04045842381974474,0.0038622741480897754,0.006681817970488169
-0.06963355808042548,0.02284465824569315,0.0036732359040109047,0.007827691792042568
-0.06513742815696905,0.01953377195914774,0.003210867249139611,-0.004776223955849979
-0.06572736600732398,0.04024797516558376,0.018328612503777236,-0.007898571769008766
-0.0699412393733628,0.060533306632331474,0.023960194433852666,-0.008510466802735817
-0.09112931358017795,0.0636497440430075,0.002078673303634926,-0.008503642188782301
-0.14087019153701716,0.044456168841068955,-0.029437471203546728,-0.007349654479899659
-0.18909883519720252,0.02024426478678798,-0.03323178716510005,-0.006005031755308199
-0.17396850322244237,0.026224934407713896,-0.008338299479594285,-0.010260225452266347
-0.09668924385427452,0.045662151853304245,0.0032337135104248543,-0.01340353104505132
-0.1804570755271114,0.05973399411540825,0.019070086716100165,-0.01217349663470313
-0.14714788788330596,0.07640087372301974,0.02190153990671965,-0.014493413998303062
-0.1335493755684184,0.07999863084946579,0.02102167021497513,-0.010407828836168642
-0.12866938847442105,0.07057504006014703,0.018329667868086794,-0.0023265781239016903
-0.12667295105378443,0.0542941768701537,0.01302364931462845,0.00421684250193155
-0.12474042138406452,0.03737556711961654,0.005908116726751785,0.004611743406181201
-0.11887045282486167,0.034028251894249184,-0.0008850522504704429,-0.0026487700225836797
-0.12217673099528038,0.053389698558989895,-0.0016123358017565634,-0.003748684491835075
-0.1307401001268631,0.07451145582555707,-0.019154698258710447,-0.00562935931913211
-0.15449337218464346,0.0868420385847104,-0.05523222059715312,-0.008842096807234245
-0.2062556132338233,0.08540775476933726,-0.08225042933681298,-0.011032424323339729
-0.268910469753325,0.07466674842659682,-0.06765303614107483,-0.011210724731084643
-0.28992469028300566,0.07346852439731588,-0.018949982429601993,-0.01378388447006662
-0.23715976543237838,0.0749375939793433,0.016998738954308593,-0.01529842509137369
-0.1974726163284858,0.03856881880312102,0.020947988194721684,0.02160797411652582
-0.15019229271705853,0.03864347874438501,0.02543108004627992,0.015328376367312657
-0.14559745204255098,0.05297416059674287,0.033009217513635836,0.012027713088729186
-0.15392048718849305,0.060069286109452946,0.036783847723780516,0.010581376084464633
-0.15567605928855227,0.056661154782454926,0.027222676430068676,0.007225093048705888
-0.14995915019117337,0.04780429235640904,0.010354467497852154,0.0010638666312363654
-0.1370299470351644,0.043314420606431536,-0.0022461491872742406,-0.0002032595140706306
-0.14051337329806293,0.05802161580164977,-0.012825172651144107,0.006352563177455028
-0.1538427514167034,0.0821005607824663,-0.047139298173027394,0.011133556423506885
-0.1890868178206429,0.11426684622504446,-0.09321248662202464,0.014575078478937797
-0.2548713361516061,0.14463302621622276,-0.11465881773973491,0.019043592563630973
-0.3245884775130962,0.15088214131358146,-0.08455302535256984,0.024867230816680852
-0.3373917671871002,0.12317427015158788,-0.02238544295744864,0.02688180493194592
-0.26753394759388416,0.07705788889204257,0.01962309048496791,0.02301645085620585
-0.2214064318106454,0.023988626172057437,0.01688076061141114,0.05511437580491996
-0.17135180212844298,0.020777695832661536,0.024401485989592464,0.03974056745241261
-0.18284108531351723,0.054176851705496354,0.045465638483278226,0.0290237773185672
-0.20109701720060108,0.0720563955532807,0.05510040132195604,0.019328088015037492
-0.19638251368546578,0.07119136927221303,0.037670971340157844,0.006989396375735479
-0.17796215615179117,0.06427805957464594,0.01183343544471016,-0.003972537841808954
-0.16004954172661984,0.05913122022864137,-0.0038798978449730293,0.0015806276005103648
-0.16833010568534054,0.07439528913445592,-0.02232441870874846,0.013761186012386073
-0.1853626557881243,0.10678198281024942,-0.06331623001993902,0.025362040386207596
-0.2209273338687825,0.15921951178435867,-0.10810204722567218,0.038014060978261544
-0.28603283644452226,0.21806867928307216,-0.1241024423467354,0.053282793357702474
-0.3617764570251244,0.2404110304341316,-0.08883596001378896,0.06940098085503887
-0.3790420289968005,0.1847528693000262,-0.022555912266096323,0.07599980487251923
-0.2957678191021407,0.08598621961147312,0.01750024081189433,0.06404320182936196
-0.2577027652186895,0.027419789116880366,0.007886570211540211,0.08420533807268615
-0.2116440981046815,0.035472293161284085,0.02061090003021493,0.06096852902387713
-0.23437972537347607,0.09162618083943386,0.05520686986868839,0.04572750844203088
-0.254672192808546,0.11317603568760193,0.0666575026397822,0.029106892867779066
-0.23713271722615076,0.10472329573527928,0.04041774417493238,0.008026256993260705
-0.20314534036534126,0.09098194921296088,0.009821664346195691,-0.007389475407728496
-0.18310785539274366,0.08540693897409657,-0.004914395542755912,0.0013937117010567324
-0.19583736085603698,0.10684677651934571,-0.02552309130021363,0.016846092419886105
-0.2124343276371367,0.14618530622342085,-0.0614060935119386,0.034077741130496
-0.23901133592120244,0.20951710308626081,-0.09737222506579135,0.054731268422524515
-0.2929817769917732,0.29193421843958856,-0.11157432953836022,0.08085237982877724
-0.37308182693972025,0.3382204895301113,-0.08035070002184441,0.10957357956614788
-0.40758804584155445,0.26100256971943914,-0.018978122967242494,0.12198917675743393
-0.3229067399243322,0.10798653312666939,0.010952928136458484,0.09928614916276857
-0.3085519919463734,0.061837953692664094,-0.005634659175351497,0.10740481571916038
-0.26191296412983195,0.08471597061801717,0.00997325867133414,0.08178574875444444
-0.27689946100307605,0.15970249931396197,0.05445466348863137,0.06385894463410335
-0.2882646536929095,0.18127508209152143,0.06705157451564148,0.04087674446248535
-0.2590138933476769,0.1590468570313437,0.03609645410200957,0.012357584874363114
-0.21636631379171456,0.13022787391012924,0.0055662399634954784,-0.0073581207941246785
-0.19691065910181743,0.12201546626875714,-0.004840370499139046,-0.0008188782127175886
-0.20995011957061277,0.15214548023688979,-0.02189946025416234,0.016141696873852418
-0.2248315381044816,0.19417833826530728,-0.04582659977421899,0.03743586208636285
-0.24044549412341848,0.2588844920079252,-0.07167048305476897,0.06330767519443314
-0.2734033699399835,0.3590083625917506,-0.08703056098099582,0.0964248589604243
-0.34447839486207893,0.4331589669272162,-0.0632016229596788,0.13355758851550714
-0.4057151586789278,0.3484740288494743,-0.012406604060140658,0.15104168345238636
-0.3489878848538306,0.154402926755,0.0013416049424043175,0.12286423894743703
-0.3644275063445691,0.13829394153408892,-0.023936545966418976,0.12112567710807465
-0.306141411891338,0.16587982814561109,-0.012598080755335528,0.09830693951342218
-0.28758538211778384,0.2441113456423496,0.04007407472971947,0.0780348974431484
-0.2786679939809195,0.26080433107334233,0.060317436257529056,0.05050815565468181
-0.24493837109798533,0.22414609422863307,0.031165911230907173,0.018713083646968887
-0.20717096777649266,0.1791578343919773,0.001974802233678352,-0.003768105234192909
-0.19154604349225546,0.1647645511225524,-0.0038917221223636056,-0.00407599176429696
-0.1991214822263574,0.20202227117798177,-0.014920322809553133,0.012944848079381233
-0.2128351388543689,0.24702054264433215,-0.026690038520546522,0.03710520197380929
-0.21946833406892463,0.3112416512154006,-0.04447383046951059,0.06595968480588832
-0.2208442129266026,0.41651283390873317,-0.061774168924484396,0.10006878235911665
-0.2604680246986871,0.5052889660671349,-0.04517120097473282,0.13541629198426408
-0.3508446256327885,0.4351100405969337,-0.005379846523551474,0.15381961362872731
-0.3624872736129725,0.23679681666948404,-0.009353986375135015,0.13123454924781397
-0.399072403442171,0.263238137057173,-0.0443950307137026,0.11891555030644652
-0.32535266055116346,0.2778902209161247,-0.045040307808124846,0.1022838097168588
-0.25784993999129113,0.32864406370138255,0.01735833992955338,0.08221954542142429
-0.22218944460702772,0.3274801629965043,0.05546338884019991,0.054524570912259485
-0.18967547168781126,0.28070284867566686,0.0334629563184522,0.024690814813349782
-0.16600844887971025,0.22884439860931582,0.0021587823110707505,0.002056647178023674
-0.15835836648792537,0.20869716346208644,-0.002874979351385948,-0.007559458170125044
-0.1535445405293192,0.24962810102644184,-0.009312526525168507,0.007905087091198304
-0.1611385773572892,0.301256557762942,-0.012592289876501517,0.03396971108059588
-0.1580938300390367,0.3655669567545736,-0.023991336674069608,0.06431397563022911
-0.12181419051310599,0.4558768575879055,-0.04374565508406408,0.09485788839231457
-0.11069744219583527,0.5342279378688897,-0.035595640949021234,0.1203579541737354
-0.22246922987328221,0.5045818531383688,-0.0016122694122762682,0.13539668966363427
-0.33735753616077563,0.35583479990024536,-0.01846650624959681,0.12423938168917736
-0.3758286741783587,0.42904563835692144,-0.061157354401232294,0.10088707637458683
-0.30094655370975487,0.41809375235031254,-0.07933972952461828,0.09044640362109302
-0.19166273328435168,0.4061020846052683,-0.005604678481281489,0.07545331688745538
-0.13102410930449265,0.3668602266265246,0.06058247297468297,0.05265802661611563
-0.0982147675455815,0.31243261627644525,0.04958371186611911,0.027996126685146727
-0.08523390273118074,0.2660021427494126,0.008668272130052015,0.007565725583154048
-0.09022613642652913,0.24683459573696975,-0.0022880005465023973,-0.01128834012250124
-0.06689313887729054,0.2833678322644584,-0.00655166233134305,0.0003374917528096155
-0.0516559721637036,0.3383363191532789,-0.008470042128493296,0.027690815124251866
-0.025418614155434394,0.40230895134665445,-0.019233411080540913,0.06039830040441618
0.047209442560185666,0.4647893078776306,-0.04233406646756227,0.08952523083579056
0.10528424278246501,0.5075241044968646,-0.040439694974427356,0.10722596886746416
-0.011475734851668862,0.5318460516839743,-0.003333569448353061,0.11769160434994763
-0.23055570577884127,0.5010948860671345,-0.02158518440087661,0.1121126628922795
-0.24288622059611042,0.6111191690619915,-0.06597698293795581,0.08500008417943672
-0.19281067052228418,0.5853462506298328,-0.09988738613075238,0.07559518003843202
-0.07862846408388499,0.48643440326482335,-0.0230310449663913,0.06597183302932308
-0.010719771975782083,0.3806451137627924,0.06800218529696189,0.048430554533463344
0.023572317304855955,0.3074719615085577,0.07111516785594785,0.027784600417782634
0.03606034331403035,0.2708046325807256,0.019088083483707358,0.010200796505031029
0.015969516476806597,0.26955597267255715,-0.0017861227495712673,-0.014365059843409078
0.05625845707194771,0.29488073918864544,-0.0032182241658685884,-0.007518274979025463
0.11202559131855014,0.337939122453105,-0.010008475863176769,0.022747836536068267
0.18483316792257073,0.3868259340731015,-0.02926359861522887,0.06266540492613615
0.29238090973837194,0.4112729526365566,-0.057333048948075505,0.09824507119150416
0.37199204299532806,0.4078666330716292,-0.055922093128396244,0.11749138016568361
0.26839315527517554,0.48304103568573176,-0.009093704118450022,0.1274431307733499
-0.004737833216205509,0.6201981076210306,-0.017082299024089392,0.11794979084884005
0.030508852419198568,0.7351218897825778,-0.05986459970723901,0.09864500838883217
0.046418383597416873,0.7199284168891591,-0.10096441120998223,0.0826092189872174
0.1156684649373269,0.5503306840133506,-0.03339065674162056,0.06918064287441172
0.15028584728431393,0.3696106562667447,0.06613910637231257,0.04803780790615075
0.1686303259271614,0.26020389038786806,0.08328323338696775,0.024544119136312936
0.18117348908872555,0.22397904993065243,0.027526499390139958,0.0078522582650562
0.15227032688090103,0.2591831437857808,0.00020250871617066846,-0.015278706143412979
0.19843351846037904,0.27294490976993924,0.00865477392343994,-0.011432925774009561
0.2931740308753154,0.28090835850559426,-0.0011166797507423665,0.024575986121108784
0.42141148407315226,0.27987373557729534,-0.03525405294068473,0.0774320286517507
0.5579757583701042,0.24675081674871002,-0.07189356511317135,0.12680829750020273
0.6302338030014181,0.20614711405051445,-0.06777319869551068,0.15560827502752828
0.5549591144591568,0.3240459735799064,-0.013384750585861444,0.17225455670687007
0.31639133162094984,0.6236528192843558,-0.010299062167300699,0.1574882092451313
0.39673789560688294,0.7063029167163144,-0.055378883188604955,0.14692439881579045
0.3971262707111831,0.7068446445978793,-0.09660250489691702,0.12235660932477099
0.3917125161030827,0.5167160048673578,-0.044891169876113635,0.09362011818063065
0.34891597594572754,0.3016603918032059,0.0458625862471127,0.055637680238632914
0.31450417327784264,0.1641253044138571,0.07415149792498221,0.019926841259875427
0.30764711370226816,0.11976762794143703,0.028361043603725267,0.0006489895555117364
0.2859539356442337,0.19195600026704973,0.0044706524893829425,-0.013102365755111478
0.32224966384432624,0.19742067513173733,0.03387316701516174,-0.008867047479276913
0.42190445390444337,0.1536248103159652,0.0326972014341802,0.03152477276716256
0.571185148903183,0.067054941379185,-0.015559774711857655,0.09373960284828228
0.7100473023486525,-0.04726083113327384,-0.06688149850701297,0.15331683754054193
0.7629286524399622,-0.10709425655130111,-0.06425167055311465,0.19150294176850874
0.7377161584100069,0.05440256367183416,-0.011392162256195548,0.22117523832381447
0.6123409726710078,0.4528766294884612,-0.010011260436685376,0.2075740008245719
0.7163215309389762,0.4883771898572302,-0.06316237884410958,0.19252020684919632
0.7178661565015172,0.4763074629253836,-0.10499823191309776,0.16608545004112507
0.640126793175093,0.31005292080196334,-0.06653811667517928,0.12189268721234159
0.5131085912393001,0.13488926202032747,0.008958878327995246,0.06461345473179103
0.40894537648080587,0.019633861126313157,0.044822695691160375,0.014493950879384876
0.36282810189757597,-0.020411301491068734,0.020076867780545515,-0.00880362369933868
0.3587698031753665,0.063090662510918,0.009634112664582584,-0.007665123197577062
0.37598000350513106,0.06420169973145118,0.06501652672188185,9.65475960423845e-05
0.4352824574261805,-0.016951257597869862,0.0846669046120141,0.03843330652872057
0.541361219260261,-0.1790078207349266,0.027475359191045934,0.09560141321071258
0.6339802953213172,-0.3717442082518403,-0.04570978234656109,0.14934233942702768
0.6647325715775898,-0.44751554231595136,-0.05180524445307877,0.18683002046571495
0.7108379930272362,-0.26173392876959944,-0.005317882045102862,0.22642030870907925
0.7325719695757633,0.14961346922309815,-0.016435275706751518,0.22046011581147312
0.840457315815208,0.1490477656990734,-0.07573896372546784,0.1927182831849239
0.8314015055373061,0.1088828237075461,-0.1198410705969597,0.173292686767059
0.6989806890807854,-0.011132083966185036,-0.08718896181336833,0.1270206407404173
0.5318100119446718,-0.09660042546568182,-0.025550390781211574,0.06513860130720595
0.3951979677439803,-0.1401870830131564,0.011591977977719714,0.010654210326782376
0.31939023757137963,-0.15247691850634482,0.007922088198418553,-0.014799588636020822
0.32585608280224365,-0.09084865360255634,0.012124972182876614,-0.0014544310990061149
0.32996943036044785,-0.09498853849275157,0.08349232273543494,0.010560923388878152
0.33745383350237784,-0.17764796763842217,0.12580016009126105,0.04171493251491043
0.3659506889396533,-0.3513409208038176,0.06760595261234492,0.08334056289052016
0.37435533318156655,-0.5680753109633088,-0.028868936856209837,0.11886512562801288
0.36598012575039196,-0.663147578724562,-0.04825229709981982,0.1440552273688942
0.46990473522400383,-0.5099067655405918,-0.0030092661832418766,0.18074606807864457
0.621931961541895,-0.16104683146042476,-0.020148464119585208,0.18234264008479206
0.7243136461296624,-0.1885493919317156,-0.07630263665071779,0.152003532134537
0.6938763932413837,-0.22571722520532056,-0.11999474575576807,0.1424574019488687
0.5309563845857124,-0.2844591090894628,-0.08811053107244393,0.1070931646185973
0.3777763880030548,-0.2878784757132067,-0.0379300043658346,0.05707191340358131
0.26811035614543455,-0.26302690131730166,-0.007746006102449576,0.010690822843395509
0.1977158577188217,-0.2410274058626305,-0.000956761069477674,-0.01396439901126012
0.20094442105660593,-0.21112373578197907,0.009768999928020328,0.001274442410546861
0.20249497107100617,-0.2258846248627222,0.07893573867198322,0.015454282137502773
0.1814405153322386,-0.29318146088862296,0.1344626567038706,0.039881222707029096
0.15328522980458206,-0.4255439635642464,0.08382245629242557,0.06933946820692416
0.08616913190996955,-0.5945817040212145,-0.02661848092158514,0.09148177623232723
0.02120740752733119,-0.6849971723290604,-0.058775303930983624,0.10454102897570738
0.13049666393610193,-0.6125586194875332,-0.00792407272901241,0.1294821469860823
0.36128998531762985,-0.37831916090276074,-0.015115529974328523,0.13180044009946412
0.4455356338557007,-0.43803737508840257,-0.06097624340760367,0.11514952154224023
0.4153951094382136,-0.4354291012669975,-0.10075407711425963,0.10918067761276884
0.26019314068462035,-0.4198868848459707,-0.07114686444953033,0.08451877767518612
0.1483097978257944,-0.37263225779217457,-0.031148516386729996,0.048478728121253756
0.09057438233455395,-0.3172454316256941,-0.011614817735261573,0.012990682611904614
0.04903558800210328,-0.276111056338717,-0.004566677758191806,-0.009679577301805686
0.04292628939569504,-0.2655530564133546,0.004515324912326341,-0.00036031900587563115
0.044626445097680184,-0.2961491753013554,0.05667083420253613,0.014551595898954162
0.017768719009583572,-0.35559991059213214,0.11304750362025298,0.037119143071192795
-0.028080094589001375,-0.43760745194860196,0.08001322589202109,0.06446636636660497
-0.12391870129799193,-0.5191418414430622,-0.024502914210087712,0.08635421555680445
-0.2305194704104312,-0.5634681318053083,-0.06624361455038746,0.09765098744455525
-0.16930748858322342,-0.5702489614886286,-0.014714818485418876,0.11273618450410883
0.06745923777652268,-0.4853767709545913,-0.005109796584150006,0.11117786695783138
-0.48569105171945814,-0.6800629738141133,0.10471285242557532,0.15760435954717456
-0.48357326347295304,-0.617182113431566,0.1562135430644302,0.13275532368997772
-0.43792717864830494,-0.5363122487301797,0.15256968520377445,0.097738091725067
-0.36002087956760914,-0.44683595181906366,0.10543114504662296,0.05867177158512604
-0.28755487880926994,-0.36479518047780224,0.04879677963509939,0.024112186731495178
-0.24715683391306595,-0.30316484529553267,0.013324155189518433,0.0011002712031993322
-0.21455916669688885,-0.2672841472918587,-0.014754199060103494,-0.0026130065544953673
-0.1854972074670238,-0.2894643775843758,-0.0531213632925068,0.012012526726392414
-0.1499242213216619,-0.3268087338565784,-0.12180588227935181,0.03405257616478852
-0.13396588617587363,-0.3657828957832323,-0.19904919308547064,0.05840059658745256
-0.1750237327531468,-0.3931401983423568,-0.23435181396846028,0.07853667622582439
-0.2840661938009335,-0.40313393990246627,-0.18302707557782283,0.09013437357212428
-0.41656256771279676,-0.4080173619168175,-0.05721052463498953,0.0958156933841221
-0.4811410314632176,-0.37714300896791686,0.07009145069621142,0.08849627262302684
-0.4809275946205822,-0.39824170073140586,0.08197129656684593,0.19726173703607686
-0.4606378523907876,-0.38725752687204773,0.1169149093331537,0.1663136862730754
-0.39846938440168606,-0.343447532801628,0.10703991583173163,0.12168428540675025
-0.3185870882614911,-0.28094469249506604,0.06955058553934687,0.07328357173174216
-0.25044004376677653,-0.21437706903619258,0.02999803711775837,0.03064073550998575
-0.21155838319320142,-0.15935010733486243,0.007441736834192275,0.0011784370591920723
-0.18600516160474273,-0.13624392892872406,-0.010923333107807326,-0.004542115180542039
-0.16997287777821607,-0.1639188600872442,-0.03724435810953782,0.016381141825672296
-0.15111889779501753,-0.1946304030741648,-0.07910421499265015,0.04751539806325278
-0.14363485196019277,-0.2084847209073044,-0.12187739117208078,0.08096536459793824
-0.16696335821456695,-0.196981946133154,-0.1403038874371742,0.1086665807236269
-0.2321931242745247,-0.1747322540490841,-0.11167301299106946,0.12724582966720055
-0.3250440974886685,-0.17847852469799674,-0.03646676171262413,0.14047264757232947
-0.3758351534945258,-0.1979426522720824,0.045471694292963785,0.13697027541474327
-0.36825096800324225,-0.22680696847207527,0.03835264667494934,0.2024906596056008
-0.3365791156735831,-0.23563170728929705,0.04786046942451219,0.1685631973311335
-0.2794094197356742,-0.20270303332802087,0.03857840714306571,0.11881703216664807
-0.22373706368304966,-0.15627552658111066,0.02319045710174572,0.06979014133851019
-0.18033953481842377,-0.11216407888161362,0.009002677979878027,0.029119225238857516
-0.15369076802716206,-0.07704494299250042,0.0015864342745308124,0.0009680371791465081
-0.1398188523694589,-0.06411512614331061,-0.006236971171596481,-0.005334600984951754
-0.14071819805644897,-0.08517576816431749,-0.018891088506008097,0.015519811739325817
-0.14248269639021768,-0.1070428167664984,-0.0343733240169361,0.046779456672527475
-0.14325360534676396,-0.11293536217335487,-0.04736051090828469,0.07754745061592772
-0.1467026425115236,-0.09426610305115224,-0.05377948664875065,0.09889968687254203
-0.16910585273812168,-0.0647725417747349,-0.04664453019991838,0.11401684283493352
-0.2252551243518657,-0.06650234289835488,-0.016838376239694586,0.13423789773304973
-0.26755914074871595,-0.10888894875795563,0.020861182216663533,0.1440969142646713
-0.25581297828369,-0.13368314874516507,0.0011732839099758141,0.17028065657498614
-0.21622315874178188,-0.14205124853882767,-0.009434813796808661,0.13869241380447125
-0.1676205153659997,-0.10768884846910964,-0.013988605848590963,0.0919321085003626
-0.1361252777984846,-0.07083546125578977,-0.009992236688793898,0.051522111935899506
-0.11730350388548197,-0.04725968535275049,-0.005220304786842239,0.021237396960983895
-0.10428720897083565,-0.033117811559617794,-0.0021593932003952238,0.0005329299944999838
-0.09828443022744437,-0.027061353566839363,-0.0026226730083794003,-0.005169722518387099
-0.1092958827560904,-0.03553837151565831,-0.004825739704158755,0.01002903409322331
-0.12447260026443303,-0.047187276517085985,-0.001341795878421953,0.03421146084604587
-0.12872625189567052,-0.0546323248587377,0.0036849775596781986,0.055354335909568064
-0.1152226777858761,-0.045398965736212826,0.0006182324246360726,0.06466131956598353
-0.10918127678074732,-0.020402125923884462,-0.007298245840673734,0.07244985249113456
-0.14518835095197505,-0.018532570666281778,-0.004178829419356836,0.09747118457774295
-0.18462420288510006,-0.06530598303884139,0.00272356429289565,0.12168049206431154
-0.169764351493523,-0.08121236569574553,-0.021449924394024905,0.11910732097045895
-0.1294208206510597,-0.0878622282542576,-0.04338848372971546,0.09559896447934535
-0.09086134398080009,-0.05782831494698781,-0.04300121702863924,0.05968427397422016
-0.07535570567063314,-0.029172095153727096,-0.02766294657164528,0.03151123563514846
-0.07177705807766761,-0.015952201080643658,-0.012662672002224235,0.01274224186667361
-0.06828802409445575,-0.012460220885464723,-0.003855017786173795,0.0006221341172041317
-0.06564514186381738,-0.009868667072811643,-0.00026256637414558137,-0.004337179810801034
-0.07767139908041118,-0.010800405957416048,0.004215051035691586,0.0030550306934817306
-0.0948269315023738,-0.017599156484989553,0.017600560585824626,0.016504321217770235
-0.09708590781946266,-0.029091642864985667,0.027966526506246814,0.026560928104527814
-0.07476742120877469,-0.028486211576738807,0.021347612972183377,0.027646325543952743
-0.05969359094771996,-0.007304602245244318,0.0068530480842558805,0.0324090481621051
-0.09026179810257265,-0.0013459785235006017,0.0016214444316170612,0.05796149449085626
-0.12505595348653614,-0.04104317025854565,-0.007863233461615202,0.08503205019383553
-0.10926029960355763,-0.04815899282660485,-0.029403684847632144,0.06609117925467833
-0.07540475363085208,-0.05696453985393357,-0.055530072177496004,0.05337133009592221
-0.047203809759002166,-0.03854068336403871,-0.053933960042509055,0.03277090523398041
-0.040094986020926746,-0.018504933293643777,-0.03462701321626277,0.016873378163891894
-0.0428104082136095,-0.00835525686170513,-0.015098283536015084,0.007183903124522328
-0.04371999964217682,-0.005691118017994268,-0.0038921823309796683,0.0015199557002953945
-0.04226707041620399,-0.004006926501682662,0.0011240662141818597,-0.002824810600363159
-0.050184059331923186,-0.006187303726040483,0.008574207051188332,-0.0012833117836179991
-0.061071427511956336,-0.014751034558088572,0.0225468349092752,0.0029821239142662076
-0.05857666643825429,-0.02608437813414577,0.028933775719721333,0.005368964065044085
-0.037721870852951186,-0.024225398821320354,0.019000659405503162,0.004932235998353934
-0.028655696493412416,-0.004389720025853805,0.007067729709886034,0.01052194382205731
-0.05802587102372794,0.0025235806921197756,0.0033939698445024716,0.02986311293728172
-0.08242913657506154,-0.02457956383412707,-0.011608127821537112,0.04689038931617451
-0.06802402843919647,-0.02568188473152877,-0.02611623518364589,0.024165082640665858
-0.04349841789306916,-0.03720659823092176,-0.048985147818727134,0.018819891400158717
-0.024655125257753832,-0.03189182438276117,-0.04797889681578191,0.011590933740452947
-0.021910208268994223,-0.020899302564927558,-0.030255621432782626,0.006618687039404048
-0.02621215339308524,-0.011813918027281933,-0.012006702640898592,0.004036820217931725
-0.028138900902409433,-0.005698116593172986,-0.002507501675128476,0.0023109003862156197
-0.027828634081957,-0.0034811388689506284,0.0017662554496835625,-0.0007813862825697404
-0.0324065436278623,-0.00994028214573106,0.009094573419005159,-0.0011863857343071271
-0.03734126343631314,-0.01968876756726412,0.018353051041307952,-0.0008877067906083724
-0.03303573099534084,-0.026036519691208238,0.019455992390162352,-0.0009766138343311609
-0.0201530992667608,-0.02025429997228656,0.01120941105504461,-0.00043007547998433204
-0.01911176193125988,-0.004334892429273651,0.005412958173942106,0.0038951673884600746
-0.041059656489764576,0.001642456623371924,0.003586316732654013,0.01238621570387688
-0.0526853277353605,-0.012728494517639799,-0.010547465997803526,0.017361093434682395
-0.039313478316899034,-0.010767192422930894,-0.016789201598603483,0.00010347987746150977
-0.023964767292046205,-0.023698504792876385,-0.028184894004074944,-0.0019849317805746836
-0.015265744892699884,-0.029045802678271948,-0.02523459588527521,-0.002211911871023542
-0.015777886455999746,-0.02561576584908798,-0.013721992550223171,-0.00070225706248217
-0.018923180956647398,-0.016870014560599,-0.003914291813968872,0.0009972741774677552
-0.019580107779195145,-0.007116503877689695,-0.0004029401514244191,0.0016586010061856449
-0.019803332382818853,-0.003993680883163542,0.0016669836386780795,0.001304885406897216
-0.023898665880407635,-0.012775332720050825,0.006780788486256854,0.0008187537755973695
-0.028110252031868066,-0.02226515236086546,0.011694182384258137,-0.0005856174928462465
-0.02850727872871936,-0.027094258257001957,0.012476330429782332,-0.0023535668004054655
-0.025528678900172158,-0.02330726902477087,0.009511827976885542,-0.002993762003428019
-0.025479476987655736,-0.011344089442997696,0.006650544177688716,-0.0015378866188389129
-0.030962532800742473,-0.0009127757360318789,0.0030995372100646387,0.0005780135650785834
-0.03107244077711381,-0.004198359794663986,-0.006995787802996523,0.00039080172964145454
-0.015820724960500993,-0.002017039177313551,-0.005922262475995754,-0.005521639739380246
-0.009112021519604663,-0.017103287571304637,-0.002612468723574332,-0.005190161807593352
-0.012609099156142597,-0.02883364417792711,0.003190819010703172,-0.006073113575392863
-0.016866886421978818,-0.028644013233626087,0.005579492131118385,-0.005518478591623355
-0.01743114677062233,-0.01888170741977202,0.003943835940612615,-0.0033703589294034053
-0.015158187505911108,-0.006973689321436161,0.0009818097383872404,-0.0006291339754871395
-0.015396659947495006,-0.0036668959823678016,0.0010650098531534945,0.0023397887985053822
-0.0208377886651296,-0.013268004226173469,0.00355483114911042,0.0006503749315491802
-0.02717582146561369,-0.025671486103675534,0.0057231412336053444,-0.0041597878099878804
-0.03330575008855473,-0.03599367655381691,0.007482364810493317,-0.010157120333602943
-0.037747728998460475,-0.037503728912988255,0.008544227672572041,-0.014209593221224892
-0.036306395304586084,-0.02465375250000701,0.007225878359192035,-0.013249488191301173
-0.02485667258549458,-0.003818697123123549,0.002286784815341593,-0.0074178562181124175
-0.013086042976264214,0.0008515377167110927,-0.002805479856309294,-0.004255689452623557
0.00543181921452178,-0.0001130536939362159,0.00200396754206289,0.002791479627487492
0.003705630943028587,-0.02023164013265566,0.014795406198698069,0.0038693325170480186
-0.013284175947392354,-0.033053716569608094,0.02113884340285771,-0.004154398503174672
-0.02214347562810129,-0.029657811049777827,0.015976901894112272,-0.009061855667107599
-0.019428341528728875,-0.01678659284670314,0.006840435177961596,-0.007460815417227762
-0.012757840028541627,-0.004831049869554738,0.0009508938186828519,-0.002625778512495902
-0.0120128255409548,-0.00234378179665784,0.0004208325961769094,0.0019097156995367959
-0.017649463864302203,-0.010076982812688318,0.0009467009239826074,-0.0016648635912405174
-0.023106309206587572,-0.023058774814255667,-0.00016020524802967673,-0.009331559720944425
-0.029289711936695828,-0.039007857633936105,-0.0016797070384240165,-0.01864649582531077
-0.038682498191593334,-0.04888823281880539,-2.3578546348629326e-05,-0.026648221364724556
-0.042963173622166284,-0.03753470462081854,0.0032825892086209008,-0.02709593603603097
-0.023462855973719138,-0.006944278486452848,0.0014334841099095316,-0.013591536165093898
0.003153572144267855,0.002454385503940948,0.000346280233935195,0.0008662567370899543
0.021793451786344162,-0.0024200533543630165,0.003871840237066937,0.01438673392297396
0.012571081049044135,-0.027444219715449636,0.018479533173460544,0.013561667849094294
-0.01718716179308606,-0.03618989019821428,0.025735590590039215,-0.0021941528219431294
-0.03011933921454192,-0.025681439216272972,0.018333823382853887,-0.010830657810165678
-0.02312891460079311,-0.010981451514015417,0.006613606727365551,-0.008403493328285494
-0.011537260082407144,-0.0021143965919854235,0.0004128966354393915,-0.002637224767872093
-0.008110207330637428,-0.0008174196362809028,-2.114072207694273e-05,0.0008209386842538691
-0.010931380535638816,-0.0038811948595742773,-0.0005232517841609607,-0.0027248458958947647
-0.011268078962899969,-0.011517207350058012,-0.004485391814263967,-0.00876737600581734
-0.013305191418658227,-0.027863088903914424,-0.011313236478178751,-0.01686758091870627
-0.02658417732852375,-0.04636315755392717,-0.012524770297021759,-0.02818636990804213
-0.04214936052885945,-0.04238013019182052,-0.004583634678399812,-0.034561972565154725
-0.024633960090660503,-0.009362907059706771,0.0003212363982835198,-0.018519560002558194
0.015704067196289306,0.0023155415330831097,0.001108200862321787,0.009040581874952602
0.0291816432164569,-0.0033228705569094963,0.0009136746296244946,0.018238347505345975
0.017703204725557184,-0.02897040426924158,0.01278447819031353,0.017461275110532415
-0.01850522419880972,-0.03299903127788362,0.023766731957142073,0.0010812944216047615
-0.03388263271825838,-0.018164538041074874,0.019422359468258377,-0.00753175531172301
-0.02487815657558569,-0.005317336290841412,0.007449265875574568,-0.005163524723861668
-0.011069134397654404,-0.0006857776514761493,0.0005623354245548329,-0.0008397629729552936
-0.003841950991922763,1.4374207463196953e-05,-0.00030692770707962946,0.00010560405084214519
-0.0028014363130937497,-0.0003405907165434652,-0.0014056535576093265,-0.0013528274170941934
0.0007626092635084764,-0.004383343863755718,-0.006164584162910186,-0.0032905413342682044
0.000901580060468074,-0.01775246056005053,-0.015411870614592649,-0.008097728859570275
-0.013514254827159997,-0.03626320696837326,-0.020489144539746568,-0.020068504836628698
-0.03499444231658641,-0.036710566349155815,-0.012024526611533165,-0.031134238675534
-0.0238199548662473,-0.009549832649292433,-0.001033229151925566,-0.018955196258352874
0.020769948345196812,0.0025769512353548407,-0.00012479852559445226,0.011655365754883296
0.026476971540041055,-0.0013176130533492092,-0.002395503934024268,0.012268166536449285
0.020639510788255933,-0.022918934354265286,0.004109028265590037,0.014950033569603255
-0.010705067893254802,-0.027353824863632692,0.017103392279267576,0.005522365130500778
-0.02669693174386792,-0.015352498699587658,0.0183659334357974,-0.0008033358407517899
-0.02135593711532359,-0.0048856714138072466,0.00902340671442095,-0.000560272140273075
-0.010207491884329581,-0.0012394176068111218,0.001427871258023572,0.0011113434402158506
-0.0005617534457041384,-0.00019529014814967383,-0.0005122880891381271,0.0001314667186167462
0.0021146381870929334,-0.0016621642793400726,-0.002305057821718748,0.0002553933961755295
0.005090196113512344,-0.006393053829935158,-0.007255364380306356,0.0005239550818856298
